{"base_lr": 0.0002, "lr": 4.3753906598803464e-07, "data_time": 0.03084458351135254, "grad_norm": 732.6950811767579, "loss": 69.90430046081543, "loss_cls": 39.04436138153076, "loss_bbox": 13.041269855499268, "loss_dfl": 17.818669471740723, "time": 0.5500784063339234, "epoch": 1, "iter": 50, "memory": 8983, "step": 50}
{"base_lr": 0.0002, "lr": 8.840075006697026e-07, "data_time": 0.03318110942840576, "grad_norm": 760.3235192871093, "loss": 67.21437072753906, "loss_cls": 36.9406706237793, "loss_bbox": 12.408059825897217, "loss_dfl": 17.865640716552733, "time": 0.3510074234008789, "epoch": 1, "iter": 100, "memory": 7430, "step": 100}
{"base_lr": 0.0002, "lr": 1.3304759353513705e-06, "data_time": 0.0030213022232055665, "grad_norm": 771.1422994995118, "loss": 67.6118782043457, "loss_cls": 37.32985378265381, "loss_bbox": 12.40266014099121, "loss_dfl": 17.879363899230956, "time": 0.35801414012908933, "epoch": 1, "iter": 150, "memory": 7432, "step": 150}
{"base_lr": 0.0002, "lr": 1.7769443700330386e-06, "data_time": 0.003172459602355957, "grad_norm": 727.591169128418, "loss": 67.23392349243164, "loss_cls": 37.158992805480956, "loss_bbox": 12.270770664215087, "loss_dfl": 17.804160385131837, "time": 0.350550856590271, "epoch": 1, "iter": 200, "memory": 7424, "step": 200}
{"base_lr": 0.0002, "lr": 2.2234128047147065e-06, "data_time": 0.003148527145385742, "grad_norm": 736.2973266601563, "loss": 68.80692276000977, "loss_cls": 38.357185707092285, "loss_bbox": 12.81930736541748, "loss_dfl": 17.630429496765135, "time": 0.38434197425842287, "epoch": 1, "iter": 250, "memory": 7446, "step": 250}
{"base_lr": 0.0002, "lr": 2.6698812393963744e-06, "data_time": 0.003093209266662598, "grad_norm": 722.7004629516601, "loss": 65.85162696838378, "loss_cls": 35.539099884033206, "loss_bbox": 12.657392959594727, "loss_dfl": 17.65513412475586, "time": 0.35953895092010496, "epoch": 1, "iter": 300, "memory": 7436, "step": 300}
{"base_lr": 0.0002, "lr": 3.1163496740780423e-06, "data_time": 0.0030641651153564455, "grad_norm": 738.108147277832, "loss": 67.46265014648438, "loss_cls": 37.678512268066406, "loss_bbox": 12.19942039489746, "loss_dfl": 17.584717864990235, "time": 0.39090158462524416, "epoch": 1, "iter": 350, "memory": 7420, "step": 350}
{"base_lr": 0.0002, "lr": 3.5628181087597107e-06, "data_time": 0.0028598594665527346, "grad_norm": 751.8087748718261, "loss": 68.58209671020508, "loss_cls": 37.92741706848145, "loss_bbox": 12.942417240142822, "loss_dfl": 17.71226234436035, "time": 0.36404618740081784, "epoch": 1, "iter": 400, "memory": 7432, "step": 400}
{"base_lr": 0.0002, "lr": 4.009286543441379e-06, "data_time": 0.0031184768676757813, "grad_norm": 674.5367202758789, "loss": 67.08930503845215, "loss_cls": 36.738594703674316, "loss_bbox": 12.686990547180176, "loss_dfl": 17.6637198638916, "time": 0.39959057331085207, "epoch": 1, "iter": 450, "memory": 7425, "step": 450}
{"base_lr": 0.0002, "lr": 4.4557549781230465e-06, "data_time": 0.0030610847473144533, "grad_norm": 680.8778353881836, "loss": 67.08490837097168, "loss_cls": 37.06994606018066, "loss_bbox": 12.36081594467163, "loss_dfl": 17.654146003723145, "time": 0.40175087928771974, "epoch": 1, "iter": 500, "memory": 7421, "step": 500}
{"base_lr": 0.0002, "lr": 4.902223412804714e-06, "data_time": 0.0030088043212890625, "grad_norm": 623.8689916992188, "loss": 66.61876045227051, "loss_cls": 36.202362518310544, "loss_bbox": 12.903769702911378, "loss_dfl": 17.51262809753418, "time": 0.38951271057128906, "epoch": 1, "iter": 550, "memory": 7448, "step": 550}
{"base_lr": 0.0002, "lr": 5.348691847486382e-06, "data_time": 0.0031093025207519533, "grad_norm": 576.7873861694336, "loss": 64.53206588745117, "loss_cls": 35.146777877807615, "loss_bbox": 12.066401538848877, "loss_dfl": 17.31888656616211, "time": 0.4289998722076416, "epoch": 1, "iter": 600, "memory": 7424, "step": 600}
{"base_lr": 0.0002, "lr": 5.79516028216805e-06, "data_time": 0.003292684555053711, "grad_norm": 698.5346994018555, "loss": 66.89703147888184, "loss_cls": 36.614762420654294, "loss_bbox": 12.83825632095337, "loss_dfl": 17.444012260437013, "time": 0.3775181484222412, "epoch": 1, "iter": 650, "memory": 7434, "step": 650}
{"base_lr": 0.0002, "lr": 6.241628716849718e-06, "data_time": 0.0031846475601196287, "grad_norm": 529.0981447601318, "loss": 66.57131492614747, "loss_cls": 36.41291229248047, "loss_bbox": 12.821957321166993, "loss_dfl": 17.336445350646972, "time": 0.44391839027404784, "epoch": 1, "iter": 700, "memory": 7443, "step": 700}
{"base_lr": 0.0002, "lr": 6.688097151531386e-06, "data_time": 0.003112015724182129, "grad_norm": 541.3116889953614, "loss": 66.15341003417969, "loss_cls": 36.25147476196289, "loss_bbox": 12.706277828216553, "loss_dfl": 17.19565788269043, "time": 0.4212707281112671, "epoch": 1, "iter": 750, "memory": 7436, "step": 750}
{"base_lr": 0.0002, "lr": 7.134565586213055e-06, "data_time": 0.003113527297973633, "grad_norm": 545.1335665893555, "loss": 67.39938186645507, "loss_cls": 37.64060749053955, "loss_bbox": 12.588501071929931, "loss_dfl": 17.170272941589356, "time": 0.4293490743637085, "epoch": 1, "iter": 800, "memory": 7432, "step": 800}
{"base_lr": 0.0002, "lr": 7.581034020894723e-06, "data_time": 0.0031824398040771486, "grad_norm": 544.0738955688477, "loss": 65.37423629760742, "loss_cls": 35.59304458618164, "loss_bbox": 12.701530055999756, "loss_dfl": 17.07966136932373, "time": 0.4687992525100708, "epoch": 1, "iter": 850, "memory": 7445, "step": 850}
{"base_lr": 0.0002, "lr": 8.02750245557639e-06, "data_time": 0.0032470703125, "grad_norm": 542.7798999023438, "loss": 64.84191284179687, "loss_cls": 35.021711349487305, "loss_bbox": 12.757512836456298, "loss_dfl": 17.062688331604004, "time": 0.4512720537185669, "epoch": 1, "iter": 900, "memory": 7477, "step": 900}
{"base_lr": 0.0002, "lr": 8.473970890258058e-06, "data_time": 0.0031762456893920897, "grad_norm": 499.41035202026364, "loss": 66.52656982421875, "loss_cls": 37.0949596786499, "loss_bbox": 12.467420978546143, "loss_dfl": 16.964189682006836, "time": 0.3996424674987793, "epoch": 1, "iter": 950, "memory": 7439, "step": 950}
{"base_lr": 0.0002, "lr": 8.920439324939726e-06, "data_time": 0.003277578353881836, "grad_norm": 503.41914337158204, "loss": 65.61300148010254, "loss_cls": 36.4827880859375, "loss_bbox": 12.145116348266601, "loss_dfl": 16.985097389221192, "time": 0.47014364719390866, "epoch": 1, "iter": 1000, "memory": 7427, "step": 1000}
