{"base_lr": 0.0002, "lr": 2.1876953299401732e-07, "data_time": 0.03471504211425781, "grad_norm": 1065.8438955688478, "loss": 37.70445594787598, "loss_cls": 22.048909034729004, "loss_bbox": 6.456502742767334, "loss_dfl": 9.199044151306152, "time": 0.40732799053192137, "epoch": 1, "iter": 50, "memory": 7829, "step": 50}
{"base_lr": 0.0002, "lr": 4.420037503348513e-07, "data_time": 0.02433232307434082, "grad_norm": 984.6652574157715, "loss": 37.189700813293456, "loss_cls": 21.52821605682373, "loss_bbox": 6.3123841381073, "loss_dfl": 9.349100589752197, "time": 0.21659241676330565, "epoch": 1, "iter": 100, "memory": 4076, "step": 100}
