{"base_lr": 0.0002, "lr": 2.1876953299401732e-07, "data_time": 0.06463032245635986, "grad_norm": 801.1871566772461, "loss": 36.330161781311034, "loss_cls": 20.74015592575073, "loss_bbox": 6.507959036827088, "loss_dfl": 9.08204698562622, "time": 0.42658751010894774, "epoch": 1, "iter": 50, "memory": 7830, "step": 50}
