{"base_lr": 0.0002, "lr": 2.1876953299401732e-07, "data_time": 0.024780187606811523, "grad_norm": 1113.2727212524414, "loss": 38.63375259399414, "loss_cls": 22.791761074066162, "loss_bbox": 6.3962429237365725, "loss_dfl": 9.445748271942138, "time": 0.36906527042388915, "epoch": 1, "iter": 50, "memory": 7829, "step": 50}
{"base_lr": 0.0002, "lr": 4.420037503348513e-07, "data_time": 0.011082181930541992, "grad_norm": 790.2177844238281, "loss": 35.690130462646486, "loss_cls": 19.98012247085571, "loss_bbox": 6.668656492233277, "loss_dfl": 9.04135124206543, "time": 0.2263510751724243, "epoch": 1, "iter": 100, "memory": 4075, "step": 100}
{"base_lr": 0.0002, "lr": 6.652379676756853e-07, "data_time": 0.010628695487976075, "grad_norm": 772.5043379974366, "loss": 36.89064617156983, "loss_cls": 21.052870960235595, "loss_bbox": 6.759332609176636, "loss_dfl": 9.078442344665527, "time": 0.20920002937316895, "epoch": 1, "iter": 150, "memory": 4073, "step": 150}
