{"base_lr": 0.0002, "lr": 2.1876953299401732e-07, "data_time": 0.03770218372344971, "grad_norm": 1850.3889453125, "loss": 40.28058895111084, "loss_cls": 24.71604835510254, "loss_bbox": 6.345303149223327, "loss_dfl": 9.219237480163574, "time": 0.39640337467193604, "epoch": 1, "iter": 50, "memory": 7829, "step": 50}
{"base_lr": 0.0002, "lr": 4.420037503348513e-07, "data_time": 0.021941099166870117, "grad_norm": 1346.9866146850586, "loss": 38.97421836853027, "loss_cls": 23.516764907836915, "loss_bbox": 6.182311391830444, "loss_dfl": 9.275142230987548, "time": 0.2095977783203125, "epoch": 1, "iter": 100, "memory": 4071, "step": 100}
{"base_lr": 0.0002, "lr": 6.652379676756853e-07, "data_time": 0.01789217472076416, "grad_norm": 953.7173321533203, "loss": 37.09714626312256, "loss_cls": 21.23101007461548, "loss_bbox": 6.482376732826233, "loss_dfl": 9.38375940322876, "time": 0.20641524314880372, "epoch": 1, "iter": 150, "memory": 4073, "step": 150}
{"base_lr": 0.0002, "lr": 8.884721850165193e-07, "data_time": 0.019963226318359374, "grad_norm": 806.4267874145507, "loss": 38.10380027770996, "loss_cls": 22.602642097473144, "loss_bbox": 6.403079800605774, "loss_dfl": 9.098078594207763, "time": 0.23594529151916505, "epoch": 1, "iter": 200, "memory": 4070, "step": 200}
{"base_lr": 0.0002, "lr": 1.1117064023573533e-06, "data_time": 0.008841876983642577, "grad_norm": 713.4527445983887, "loss": 37.360305366516116, "loss_cls": 21.784045810699464, "loss_bbox": 6.455928959846497, "loss_dfl": 9.120330505371093, "time": 0.19807715892791747, "epoch": 1, "iter": 250, "memory": 4072, "step": 250}
{"base_lr": 0.0002, "lr": 1.3349406196981872e-06, "data_time": 0.016304240226745606, "grad_norm": 600.5138311767578, "loss": 35.665304565429686, "loss_cls": 20.33432285308838, "loss_bbox": 6.242486820220948, "loss_dfl": 9.088494815826415, "time": 0.20812209129333495, "epoch": 1, "iter": 300, "memory": 4072, "step": 300}
{"base_lr": 0.0002, "lr": 1.5581748370390212e-06, "data_time": 0.007991361618041991, "grad_norm": 431.4975358581543, "loss": 35.140589256286624, "loss_cls": 19.84181652069092, "loss_bbox": 6.394905343055725, "loss_dfl": 8.903867664337158, "time": 0.21993273258209228, "epoch": 1, "iter": 350, "memory": 4075, "step": 350}
{"base_lr": 0.0002, "lr": 1.7814090543798553e-06, "data_time": 0.0151455020904541, "grad_norm": 491.34733268737796, "loss": 35.005848808288576, "loss_cls": 19.611787548065184, "loss_bbox": 6.30416784286499, "loss_dfl": 9.08989345550537, "time": 0.2040824508666992, "epoch": 1, "iter": 400, "memory": 4091, "step": 400}
{"base_lr": 0.0002, "lr": 2.0046432717206893e-06, "data_time": 0.009444208145141601, "grad_norm": 672.953020401001, "loss": 37.40078437805176, "loss_cls": 21.77468070983887, "loss_bbox": 6.464387202262879, "loss_dfl": 9.1617165184021, "time": 0.20934272766113282, "epoch": 1, "iter": 450, "memory": 4070, "step": 450}
{"base_lr": 0.0002, "lr": 2.2278774890615232e-06, "data_time": 0.007636322975158692, "grad_norm": 668.1870666313172, "loss": 36.31771278381348, "loss_cls": 20.744220180511476, "loss_bbox": 6.399197416305542, "loss_dfl": 9.174295101165772, "time": 0.24010799407958985, "epoch": 1, "iter": 500, "memory": 4071, "step": 500}
{"base_lr": 0.0002, "lr": 2.451111706402357e-06, "data_time": 0.009836859703063965, "grad_norm": 633.0650254821777, "loss": 36.130368614196776, "loss_cls": 20.596377658843995, "loss_bbox": 6.372394986152649, "loss_dfl": 9.161595878601075, "time": 0.22007448196411133, "epoch": 1, "iter": 550, "memory": 4079, "step": 550}
{"base_lr": 0.0002, "lr": 2.674345923743191e-06, "data_time": 0.002958688735961914, "grad_norm": 634.1435118865967, "loss": 35.93906543731689, "loss_cls": 20.559917945861816, "loss_bbox": 6.167055015563965, "loss_dfl": 9.21209259033203, "time": 0.21747493743896484, "epoch": 1, "iter": 600, "memory": 4072, "step": 600}
{"base_lr": 0.0002, "lr": 2.897580141084025e-06, "data_time": 0.0031667566299438477, "grad_norm": 556.8746381378173, "loss": 35.30998836517334, "loss_cls": 19.86109495162964, "loss_bbox": 6.351208233833313, "loss_dfl": 9.097685470581055, "time": 0.24514344692230225, "epoch": 1, "iter": 650, "memory": 4073, "step": 650}
{"base_lr": 0.0002, "lr": 3.120814358424859e-06, "data_time": 0.003072538375854492, "grad_norm": 511.2550160217285, "loss": 35.451615524291995, "loss_cls": 20.162632637023925, "loss_bbox": 6.189232587814331, "loss_dfl": 9.099750232696532, "time": 0.2274954080581665, "epoch": 1, "iter": 700, "memory": 4070, "step": 700}
{"base_lr": 0.0002, "lr": 3.344048575765693e-06, "data_time": 0.0031670427322387697, "grad_norm": 487.13073524475095, "loss": 35.73069160461426, "loss_cls": 20.55645191192627, "loss_bbox": 6.313671088218689, "loss_dfl": 8.8605686378479, "time": 0.22680503845214844, "epoch": 1, "iter": 750, "memory": 4067, "step": 750}
{"base_lr": 0.0002, "lr": 3.5672827931065274e-06, "data_time": 0.0031921529769897462, "grad_norm": 503.2778121948242, "loss": 34.87395057678223, "loss_cls": 19.331894664764405, "loss_bbox": 6.457038011550903, "loss_dfl": 9.085017738342286, "time": 0.24842098236083984, "epoch": 1, "iter": 800, "memory": 4080, "step": 800}
{"base_lr": 0.0002, "lr": 3.7905170104473613e-06, "data_time": 0.0031707191467285154, "grad_norm": 579.4945155334473, "loss": 36.64818843841553, "loss_cls": 20.914923210144043, "loss_bbox": 6.604125051498413, "loss_dfl": 9.129140281677246, "time": 0.2265333652496338, "epoch": 1, "iter": 850, "memory": 4070, "step": 850}
{"base_lr": 0.0002, "lr": 4.013751227788195e-06, "data_time": 0.0030700016021728517, "grad_norm": 481.6717846679687, "loss": 34.778774642944335, "loss_cls": 19.423287715911865, "loss_bbox": 6.457221612930298, "loss_dfl": 8.898265247344971, "time": 0.22947182655334472, "epoch": 1, "iter": 900, "memory": 4074, "step": 900}
{"base_lr": 0.0002, "lr": 4.236985445129029e-06, "data_time": 0.0030180501937866213, "grad_norm": 472.43178329467776, "loss": 34.05765045166016, "loss_cls": 18.759234657287596, "loss_bbox": 6.344113640785217, "loss_dfl": 8.954302215576172, "time": 0.2366169261932373, "epoch": 1, "iter": 950, "memory": 4072, "step": 950}
{"base_lr": 0.0002, "lr": 4.460219662469863e-06, "data_time": 0.0030388832092285156, "grad_norm": 416.531671295166, "loss": 34.97701911926269, "loss_cls": 19.90188798904419, "loss_bbox": 6.279622402191162, "loss_dfl": 8.795508651733398, "time": 0.22292529106140135, "epoch": 1, "iter": 1000, "memory": 4072, "step": 1000}
{"base_lr": 0.0002, "lr": 4.683453879810697e-06, "data_time": 0.0029909515380859373, "grad_norm": 423.18508712768556, "loss": 35.67155807495117, "loss_cls": 20.850006999969484, "loss_bbox": 6.163828239440918, "loss_dfl": 8.657722835540772, "time": 0.2270425510406494, "epoch": 1, "iter": 1050, "memory": 4070, "step": 1050}
{"base_lr": 0.0002, "lr": 4.906688097151531e-06, "data_time": 0.002944068908691406, "grad_norm": 464.4187341308594, "loss": 34.776844902038576, "loss_cls": 19.832207336425782, "loss_bbox": 6.0912849760055545, "loss_dfl": 8.853352298736572, "time": 0.2450057077407837, "epoch": 1, "iter": 1100, "memory": 4070, "step": 1100}
{"base_lr": 0.0002, "lr": 5.129922314492365e-06, "data_time": 0.003135471343994141, "grad_norm": 542.4252128601074, "loss": 34.72073741912842, "loss_cls": 19.579637565612792, "loss_bbox": 6.221297616958618, "loss_dfl": 8.919802417755127, "time": 0.23154054641723631, "epoch": 1, "iter": 1150, "memory": 4072, "step": 1150}
{"base_lr": 0.0002, "lr": 5.353156531833199e-06, "data_time": 0.003036060333251953, "grad_norm": 606.0006478118896, "loss": 40.020387191772464, "loss_cls": 25.43490427017212, "loss_bbox": 5.942541861534119, "loss_dfl": 8.642941074371338, "time": 0.22696640014648437, "epoch": 1, "iter": 1200, "memory": 4071, "step": 1200}
{"base_lr": 0.0002, "lr": 5.576390749174033e-06, "data_time": 0.003114762306213379, "grad_norm": 372.02393173217774, "loss": 33.87054027557373, "loss_cls": 18.872711448669435, "loss_bbox": 6.339856262207031, "loss_dfl": 8.657972583770752, "time": 0.24941910266876222, "epoch": 1,